{
  "faithfulness": 0.8742857142857143,
  "answer_relevancy": 0.9678684040431473,
  "context_relevancy": 0.2085018446737963,
  "context_utilization": 0.9272852892960846
},
{
  "faithfulness": 0.8742857142857143,
  "answer_relevancy": 0.9685606717668597,
  "context_relevancy": 0.20135898753093917,
  "context_utilization": 0.9272852892960846
},
{
  "faithfulness": 0.8742857142857143,
  "answer_relevancy": 0.9690321094868484,
  "context_relevancy": 0.20135898753093917,
  "context_utilization": 0.9260832100237781
}
